Price,ITUB3.SA
Ticker,ITUB3.SA
Date,
2016-06-22,6.9815216064453125
2016-06-23,7.058484077453613
2016-06-24,6.967777252197266
2016-06-27,6.780873775482178
2016-06-28,6.926551342010498
2016-06-29,6.9815216064453125
2016-06-30,7.1519389152526855
2016-07-01,7.26332426071167
2016-07-04,7.310076713562012
2016-07-05,7.2385663986206055
2016-07-06,7.205565452575684
2016-07-07,7.205565452575684
2016-07-08,7.475090026855469
2016-07-11,7.508091926574707
2016-07-12,7.406330108642578
2016-07-13,7.6236042976379395
2016-07-14,7.865622043609619
2016-07-15,7.906872749328613
2016-07-18,8.030635833740234
2016-07-19,8.058131217956543
2016-07-20,8.110390663146973
2016-07-21,8.019631385803223
2016-07-22,8.044384956359863
2016-07-25,8.049886703491211
2016-07-26,7.9756269454956055
2016-07-27,8.025131225585938
2016-07-28,7.9811320304870605
2016-07-29,8.06913948059082
2016-08-01,8.012725830078125
2016-08-02,8.034741401672363
2016-08-03,8.298897743225098
2016-08-04,8.318158149719238
2016-08-05,8.337419509887695
2016-08-08,8.348427772521973
2016-08-09,8.36218547821045
2016-08-10,8.282387733459473
2016-08-11,8.36218547821045
2016-08-12,8.44198226928711
2016-08-15,8.726067543029785
2016-08-16,8.659154891967773
2016-08-17,8.767885208129883
2016-08-18,8.748371124267578
2016-08-19,8.709341049194336
2016-08-22,8.636856079101562
2016-08-23,8.558793067932129
2016-08-24,8.536489486694336
2016-08-25,8.391522407531738
2016-08-26,8.628488540649414
2016-08-29,8.726067543029785
2016-08-30,8.806913375854492
2016-08-31,8.56158447265625
2016-09-01,8.752649307250977
2016-09-02,8.984146118164062
2016-09-05,8.900472640991211
2016-09-06,8.953472137451172
2016-09-08,8.925573348999023
2016-09-09,8.509982109069824
2016-09-12,8.744277000427246
2016-09-13,8.512765884399414
2016-09-14,8.646652221679688
2016-09-15,8.844691276550293
2016-09-16,8.576925277709961
2016-09-19,8.643864631652832
2016-09-20,8.696860313415527
2016-09-21,8.727540969848633
2016-09-22,8.847479820251465
2016-09-23,8.841899871826172
2016-09-26,8.6633882522583
2016-09-27,8.747063636779785
2016-09-28,8.864221572875977
2016-09-29,8.730330467224121
2016-09-30,8.702437400817871
2016-10-03,8.915913581848145
2016-10-04,9.044286727905273
2016-10-05,9.155911445617676
2016-10-06,9.284274101257324
2016-10-07,9.334505081176758
2016-10-10,9.37915325164795
2016-10-11,9.345664978027344
2016-10-13,9.340084075927734
2016-10-14,9.496359825134277
2016-10-17,9.630304336547852
2016-10-18,9.746111869812012
2016-10-19,9.546589851379395
2016-10-20,9.629470825195312
2016-10-21,9.583429336547852
2016-10-24,9.580358505249023
2016-10-25,9.515898704528809
2016-10-26,9.4698486328125
2016-10-27,9.841279983520508
2016-10-28,9.822857856750488
2016-10-31,10.234192848205566
2016-11-01,9.919412612915039
2016-11-03,9.661446571350098
2016-11-04,9.719792366027832
2016-11-07,9.910192489624023
2016-11-08,9.96240520477295
2016-11-09,9.701363563537598
2016-11-10,9.308276176452637
2016-11-11,9.160865783691406
2016-11-14,9.044169425964355
2016-11-16,9.434187889099121
2016-11-17,9.185434341430664
2016-11-18,9.246850967407227
2016-11-21,9.391195297241211
2016-11-22,9.397332191467285
2016-11-23,9.366623878479004
2016-11-24,9.243786811828613
2016-11-25,9.225358009338379
2016-11-28,9.173151016235352
2016-11-29,9.071808815002441
2016-11-30,9.397332191467285
2016-12-01,8.965641021728516
2016-12-02,9.005590438842773
2016-12-05,8.922626495361328
2016-12-06,9.03323745727539
2016-12-07,8.96257209777832
2016-12-08,9.039384841918945
2016-12-09,9.051674842834473
2016-12-12,8.603086471557617
2016-12-13,8.753643989562988
2016-12-14,8.725990295410156
2016-12-15,8.66453742980957
2016-12-16,8.603086471557617
2016-12-19,8.486331939697266
2016-12-20,8.649178504943848
2016-12-21,8.658390998840332
2016-12-22,8.695260047912598
2016-12-23,8.898799896240234
2016-12-26,8.905046463012695
2016-12-27,8.876922607421875
2016-12-28,9.030033111572266
2016-12-29,9.373736381530762
2017-01-02,9.275256156921387
2017-01-03,9.553483963012695
2017-01-04,9.691039085388184
2017-01-05,9.709796905517578
2017-01-06,9.722294807434082
2017-01-09,9.681655883789062
2017-01-10,9.681655883789062
2017-01-11,9.691039085388184
2017-01-12,9.862971305847168
2017-01-13,9.653524398803711
2017-01-16,9.73167610168457
2017-01-17,9.966137886047363
2017-01-18,9.906742095947266
2017-01-19,9.86922836303711
2017-01-20,9.878606796264648
2017-01-23,10.088052749633789
2017-01-24,10.081807136535645
2017-01-26,10.27249813079834
2017-01-27,10.316261291503906
2017-01-30,9.944249153137207
2017-01-31,10.050538063049316
2017-02-01,10.030210494995117
2017-02-02,10.061485290527344
2017-02-03,10.164705276489258
2017-02-06,10.073997497558594
2017-02-07,10.45869255065918
2017-02-08,10.758943557739258
2017-02-09,10.884044647216797
2017-02-10,10.99038314819336
2017-02-13,10.868410110473633
2017-02-14,10.843389511108398
2017-02-15,11.221826553344727
2017-02-16,11.096719741821289
2017-02-17,11.131134986877441
2017-02-20,11.187422752380371
2017-02-21,11.441705703735352
2017-02-22,11.438506126403809
2017-02-23,11.31383228302002
2017-02-24,11.19234561920166
2017-03-01,11.293099403381348
2017-03-02,11.12998104095459
2017-03-03,11.309085845947266
2017-03-06,11.33146858215332
2017-03-07,11.136380195617676
2017-03-08,11.040432929992676
2017-03-09,11.072408676147461
2017-03-10,11.085209846496582
2017-03-13,11.222734451293945
2017-03-14,11.14277458190918
2017-03-15,11.200348854064941
2017-03-16,10.976459503173828
2017-03-17,10.835739135742188
2017-03-20,10.90930461883545
2017-03-21,10.62785530090332
2017-03-22,10.726994514465332
2017-03-23,10.714203834533691
2017-03-24,10.774969100952148
2017-03-27,10.96367073059082
2017-03-28,10.835739135742188
2017-03-29,10.966870307922363
2017-03-30,10.947683334350586
2017-03-31,10.80056095123291
2017-04-03,10.853353500366211
2017-04-04,10.88535213470459
2017-04-05,10.779759407043457
2017-04-06,10.702972412109375
2017-04-07,10.827757835388184
2017-04-10,10.702972412109375
2017-04-11,10.664569854736328
2017-04-12,10.68056869506836
2017-04-13,10.494987487792969
2017-04-17,10.834157943725586
2017-04-18,10.888556480407715
2017-04-19,10.802159309387207
2017-04-20,10.68056869506836
2017-04-24,10.875752449035645
2017-04-25,10.894951820373535
2017-04-26,10.907745361328125
2017-04-27,10.981341361999512
2017-04-28,10.898152351379395
2017-05-02,11.26467514038086
2017-05-03,11.123825073242188
2017-05-04,10.787713050842285
2017-05-05,10.890145301818848
2017-05-08,10.947766304016113
2017-05-09,11.040599822998047
2017-05-10,11.072617530822754
2017-05-11,11.168646812438965
2017-05-12,11.219861030578613
2017-05-15,11.290285110473633
2017-05-16,11.248674392700195
2017-05-17,11.168646812438965
2017-05-18,10.061062812805176
2017-05-19,10.272333145141602
2017-05-22,9.939419746398926
2017-05-23,10.105879783630371
2017-05-24,10.217910766601562
2017-05-25,10.134686470031738
2017-05-26,10.329952239990234
2017-05-29,10.329952239990234
2017-05-30,10.320356369018555
2017-05-31,10.33315658569336
2017-06-01,10.238680839538574
2017-06-02,10.270707130432129
2017-06-05,10.22586727142334
2017-06-06,10.402005195617676
2017-06-07,10.533315658569336
2017-06-08,10.507697105407715
2017-06-09,10.421226501464844
2017-06-12,10.411614418029785
2017-06-13,10.536519050598145
2017-06-14,10.651809692382812
2017-06-15,10.651809692382812
2017-06-16,10.581361770629883
2017-06-19,10.680634498596191
2017-06-20,10.4052152633667
2017-06-21,10.382796287536621
2017-06-22,10.312336921691895
2017-06-23,10.280314445495605
2017-06-26,10.4052152633667
2017-06-27,10.373187065124512
2017-06-28,10.337960243225098
2017-06-29,10.35396957397461
2017-06-30,10.421226501464844
2017-07-03,10.454869270324707
2017-07-04,10.499724388122559
2017-07-05,10.496522903442383
2017-07-06,10.50613021850586
2017-07-07,10.342727661132812
2017-07-10,10.371562004089355
2017-07-11,10.454869270324707
2017-07-12,10.512543678283691
2017-07-13,10.53817367553711
2017-07-14,10.68556022644043
2017-07-17,10.653521537780762
2017-07-18,10.599052429199219
2017-07-19,10.611867904663086
2017-07-20,10.531765937805176
2017-07-21,10.518948554992676
2017-07-24,10.554198265075684
2017-07-25,10.541380882263184
2017-07-26,10.525358200073242
2017-07-27,10.554198265075684
2017-07-28,10.541380882263184
2017-07-31,10.599052429199219
2017-08-01,10.876328468322754
2017-08-02,10.950053215026855
2017-08-03,11.030193328857422
2017-08-04,11.023777961730957
2017-08-07,11.091094970703125
2017-08-08,11.184057235717773
2017-08-09,11.084689140319824
2017-08-10,10.953261375427246
2017-08-11,10.962873458862305
2017-08-14,11.119948387145996
2017-08-15,11.28501033782959
2017-08-16,11.362838745117188
2017-08-17,11.252578735351562
2017-08-18,11.447159767150879
2017-08-21,11.30121898651123
2017-08-22,11.53795051574707
2017-08-23,11.726032257080078
2017-08-24,11.706583023071289
2017-08-25,11.644967079162598
2017-08-28,11.670902252197266
2017-08-29,11.674153327941895
2017-08-30,11.651444435119629
2017-08-31,11.56713581085205
2017-09-01,11.76665210723877
2017-09-04,11.743950843811035
2017-09-05,11.698524475097656
2017-09-06,11.99050235748291
2017-09-07,11.99050235748291
2017-09-08,12.074848175048828
2017-09-11,12.217597007751465
2017-09-12,12.23381519317627
2017-09-13,12.327901840209961
2017-09-14,12.23705768585205
2017-09-15,12.486856460571289
2017-09-18,12.5355224609375
2017-09-19,12.587428092956543
2017-09-20,12.457663536071777
2017-09-21,12.396034240722656
2017-09-22,12.37656021118164
2017-09-25,12.36358642578125
2017-09-26,12.3862886428833
2017-09-27,12.353850364685059
2017-09-28,12.353850364685059
2017-09-29,12.457663536071777
2017-10-02,12.478759765625
2017-10-03,12.757868766784668
2017-10-04,12.764358520507812
2017-10-05,12.81303882598877
2017-10-06,12.699453353881836
2017-10-09,12.566381454467773
2017-10-10,12.725417137145996
2017-10-11,12.764358520507812
2017-10-12,12.764358520507812
2017-10-13,12.890931129455566
2017-10-16,12.783832550048828
2017-10-17,12.699453353881836
2017-10-18,12.777335166931152
2017-10-19,12.76760196685791
2017-10-20,12.748135566711426
2017-10-23,12.621556282043457
2017-10-24,12.631299018859863
2017-10-25,12.790318489074707
2017-10-26,12.822776794433594
2017-10-27,12.877948760986328
2017-10-30,12.715682029724121
2017-10-31,12.46902084350586
2017-11-01,12.17194652557373
2017-11-02,12.17194652557373
2017-11-03,12.3180570602417
2017-11-06,12.3180570602417
2017-11-07,12.048574447631836
2017-11-08,12.366753578186035
2017-11-09,12.016106605529785
2017-11-10,12.142733573913574
2017-11-13,12.214159965515137
2017-11-14,12.058309555053711
2017-11-15,12.058309555053711
2017-11-16,12.3699951171875
2017-11-17,12.425189971923828
2017-11-20,12.425189971923828
2017-11-21,12.538827896118164
2017-11-22,12.447918891906738
2017-11-23,12.379731178283691
2017-11-24,12.311553001403809
2017-11-27,12.337530136108398
2017-11-28,12.564796447753906
2017-11-29,12.360254287719727
2017-11-30,12.048574447631836
2017-12-01,11.991734504699707
2017-12-04,12.108654022216797
2017-12-05,12.053447723388672
2017-12-06,11.96900463104248
2017-12-07,12.014470100402832
2017-12-08,12.28405475616455
2017-12-11,12.30353832244873
2017-12-12,12.407477378845215
2017-12-13,12.400983810424805
2017-12-14,12.001477241516113
2017-12-15,12.23772144317627
2017-12-18,12.064897537231445
2017-12-19,11.963811874389648
2017-12-20,12.064897537231445
2017-12-21,12.195330619812012
2017-12-22,12.064897537231445
2017-12-25,12.064897537231445
2017-12-26,12.211634635925293
2017-12-27,12.21815013885498
2017-12-28,12.289887428283691
2017-12-29,12.289887428283691
2018-01-02,12.552491188049316
2018-01-03,12.650352478027344
2018-01-04,12.790619850158691
2018-01-05,12.87869930267334
2018-01-08,12.806925773620605
2018-01-09,12.62425422668457
2018-01-10,12.673185348510742
2018-01-11,12.950465202331543
2018-01-12,12.787355422973633
2018-01-15,12.82650375366211
2018-01-16,12.914583206176758
2018-01-17,13.06137752532959
2018-01-18,13.097264289855957
2018-01-19,13.149452209472656
2018-01-22,13.341917037963867
2018-01-23,13.283188819885254
2018-01-24,13.961705207824707
2018-01-25,13.961705207824707
2018-01-26,14.542354583740234
2018-01-29,14.451018333435059
2018-01-30,14.323798179626465
2018-01-31,14.464064598083496
2018-02-01,14.566853523254395
2018-02-02,14.48853874206543
2018-02-05,14.17854118347168
2018-02-06,14.43958854675293
2018-02-07,14.168749809265137
2018-02-08,14.145906448364258
2018-02-09,14.204651832580566
2018-02-14,14.716967582702637
2018-02-15,14.912753105163574
2018-02-16,14.893200874328613
2018-02-19,14.910350799560547
2018-02-20,15.157430648803711
2018-02-21,15.363325119018555
2018-02-22,15.473134994506836
2018-02-23,15.45255184173584
2018-02-26,15.407940864562988
2018-02-27,15.270674705505371
2018-02-28,14.961827278137207
2018-03-01,15.06995964050293
2018-03-02,15.310259819030762
2018-03-05,15.550559997558594
2018-03-06,15.574584007263184
2018-03-07,15.502490043640137
2018-03-08,15.35488224029541
2018-03-09,15.567717552185059
2018-03-12,15.650107383728027
2018-03-13,15.591752052307129
2018-03-14,15.365180015563965
2018-03-15,15.409811973571777
2018-03-16,15.310259819030762
2018-03-19,15.11115837097168
2018-03-20,15.06995964050293
2018-03-21,15.04249382019043
2018-03-22,15.01846694946289
2018-03-23,15.203837394714355
2018-03-26,15.279373168945312
2018-03-27,15.011601448059082
2018-03-28,15.183245658874512
2018-03-29,15.492188453674316
2018-04-02,15.466437339782715
2018-04-03,15.521397590637207
2018-04-04,15.421797752380371
2018-04-05,15.432100296020508
2018-04-06,15.497345924377441
2018-04-09,15.212337493896484
2018-04-10,15.363423347473145
2018-04-11,15.555728912353516
2018-04-12,15.521397590637207
2018-04-13,15.126485824584961
2018-04-16,14.855206489562988
2018-04-17,15.229499816894531
2018-04-18,15.521397590637207
2018-04-19,15.298177719116211
2018-04-20,15.359984397888184
2018-04-23,15.061237335205078
2018-04-24,15.00973129272461
2018-04-25,15.243241310119629
2018-04-26,15.421797752380371
2018-04-27,15.411489486694336
2018-04-30,15.143660545349121
2018-05-02,14.612936019897461
2018-05-03,14.420570373535156
2018-05-04,14.265984535217285
2018-05-07,14.355299949645996
2018-05-08,14.375904083251953
2018-05-09,14.386218070983887
2018-05-10,14.685065269470215
2018-05-11,14.472089767456055
2018-05-14,14.245365142822266
2018-05-15,14.156064987182617
2018-05-16,14.20414924621582
2018-05-17,13.66484260559082
2018-05-18,13.695756912231445
2018-05-21,13.60644245147705
2018-05-22,13.809106826782227
2018-05-23,13.692319869995117
2018-05-24,13.702622413635254
2018-05-25,13.530860900878906
2018-05-28,13.074003219604492
2018-05-29,12.984683990478516
2018-05-30,13.125533103942871
2018-06-01,13.281880378723145
2018-06-04,13.474318504333496
2018-06-05,13.11349868774414
2018-06-06,12.835150718688965
2018-06-07,12.711431503295898
2018-06-08,12.573979377746582
2018-06-11,12.288753509521484
2018-06-12,12.316242218017578
2018-06-13,12.06537914276123
2018-06-14,11.721738815307617
2018-06-15,11.907304763793945
2018-06-18,11.611775398254395
2018-06-19,12.195968627929688
2018-06-20,12.28531551361084
2018-06-21,11.976032257080078
2018-06-22,12.044758796691895
2018-06-25,12.048198699951172
2018-06-26,11.993223190307617
2018-06-27,11.814517974853516
2018-06-28,12.110054016113281
2018-06-29,12.336862564086914
2018-07-02,12.300761222839355
2018-07-03,12.658306121826172
2018-07-04,12.754570960998535
2018-07-05,12.682372093200684
2018-07-06,12.654865264892578
2018-07-10,12.926462173461914
2018-07-11,12.895527839660645
2018-07-12,12.995213508605957
2018-07-13,13.259929656982422
2018-07-16,13.328689575195312
2018-07-17,13.713726043701172
2018-07-18,13.648414611816406
2018-07-19,13.51089859008789
2018-07-20,13.975017547607422
2018-07-23,13.675925254821777
2018-07-24,13.83062744140625
2018-07-25,14.091899871826172
2018-07-26,13.9165678024292
2018-07-27,13.96126937866211
2018-07-30,14.167526245117188
2018-07-31,13.751547813415527
2018-08-01,13.866765975952148
2018-08-02,13.797981262207031
2018-08-03,14.100629806518555
2018-08-06,13.928671836853027
2018-08-07,13.945869445800781
2018-08-08,13.653532981872559
2018-08-09,13.619142532348633
2018-08-10,13.22707462310791
2018-08-13,13.323372840881348
2018-08-14,13.619142532348633
2018-08-15,13.447179794311523
2018-08-16,13.460939407348633
2018-08-17,13.288975715637207
2018-08-20,13.306239128112793
2018-08-21,13.067755699157715
2018-08-22,13.225570678710938
2018-08-23,12.913434982299805
2018-08-24,12.944998741149902
2018-08-27,13.32728099822998
2018-08-28,13.306239128112793
2018-08-29,13.274674415588379
2018-08-30,12.994091987609863
2018-08-31,13.116849899291992
2018-09-03,13.07300090789795
2018-09-04,12.865987777709961
2018-09-05,13.016860008239746
2018-09-06,13.206314086914062
2018-09-10,13.402792930603027
2018-09-11,13.115094184875488
2018-09-12,12.820378303527832
2018-09-13,12.855460166931152
2018-09-14,12.876510620117188
2018-09-17,13.167728424072266
2018-09-18,13.206314086914062
2018-09-19,13.25894546508789
2018-09-20,13.1466703414917
2018-09-21,13.25894546508789
2018-09-24,13.016860008239746
2018-09-25,12.978259086608887
2018-09-26,13.283512115478516
2018-09-27,13.451918601989746
2018-09-28,13.227371215820312
2018-10-01,13.232629776000977
2018-10-02,13.597675323486328
2018-10-03,14.247015953063965
2018-10-04,14.131197929382324
2018-10-05,14.282124519348145
2018-10-08,15.096430778503418
2018-10-09,14.95252513885498
2018-10-10,14.496232032775879
2018-10-11,14.324246406555176
2018-10-15,14.327751159667969
2018-10-16,14.815631866455078
2018-10-17,14.917428016662598
2018-10-18,14.675243377685547
2018-10-19,14.54537296295166
2018-10-22,14.678753852844238
2018-10-23,14.668217658996582
2018-10-24,14.285625457763672
2018-10-25,14.633115768432617
2018-10-26,14.668217658996582
2018-10-29,14.54887580871582
2018-10-30,15.008679389953613
2018-10-31,14.87881088256836
2018-11-01,15.294894218444824
2018-11-05,15.670610427856445
2018-11-06,15.502047538757324
2018-11-07,15.723265647888184
2018-11-08,15.315962791442871
2018-11-09,15.635492324829102
2018-11-12,15.66005802154541
2018-11-13,15.361617088317871
2018-11-14,15.344056129455566
2018-11-16,15.80051326751709
2018-11-19,15.90585708618164
2018-11-21,15.81104564666748
2018-11-22,15.958513259887695
2018-11-23,15.753110885620117
2018-11-26,15.531904220581055
2018-11-27,15.911114692687988
2018-11-28,16.216596603393555
2018-11-29,16.274532318115234
2018-11-30,16.253454208374023
2018-12-03,16.11382293701172
2018-12-04,16.024240493774414
2018-12-05,15.976827621459961
2018-12-06,16.05586814880371
2018-12-07,15.976827621459961
2018-12-10,15.597429275512695
2018-12-11,15.713350296020508
2018-12-12,15.787125587463379
2018-12-13,16.103282928466797
2018-12-14,16.04004669189453
2018-12-17,15.734429359436035
2018-12-18,15.766366004943848
2018-12-19,15.645130157470703
2018-12-20,15.708385467529297
2018-12-21,15.444822311401367
2018-12-26,15.286685943603516
2018-12-27,15.544981956481934
2018-12-28,15.840177536010742
2019-01-02,16.855403900146484
2019-01-03,17.008333206176758
2019-01-04,16.72355079650879
2019-01-07,16.939775466918945
2019-01-08,16.981964111328125
2019-01-09,17.140186309814453
2019-01-10,17.140186309814453
2019-01-11,16.945053100585938
2019-01-14,17.140186309814453
2019-01-15,16.908132553100586
2019-01-16,16.8712158203125
2019-01-17,16.829025268554688
2019-01-18,17.03470802307129
2019-01-21,16.923959732055664
2019-01-22,16.8712158203125
2019-01-23,17.01361656188965
2019-01-24,16.981964111328125
2019-01-28,17.09271240234375
2019-01-29,17.03470802307129
2019-01-30,17.008333206176758
2019-01-31,17.33531951904297
2019-02-01,17.2535343170166
2019-02-04,17.638717651367188
2019-02-05,17.100515365600586
2019-02-06,16.462095260620117
2019-02-07,16.625661849975586
2019-02-08,17.116352081298828
2019-02-11,16.87364387512207
2019-02-12,17.14801788330078
2019-02-13,16.778667449951172
2019-02-14,17.248258590698242
2019-02-15,17.206050872802734
2019-02-18,16.958065032958984
2019-02-19,17.306299209594727
2019-02-20,17.15328598022461
2019-02-21,17.607057571411133
2019-02-22,17.819042205810547
2019-02-25,17.623838424682617
2019-02-26,17.59596061706543
2019-02-27,17.54017448425293
2019-02-28,17.350557327270508
2019-03-01,17.15805435180664
2019-03-06,17.012977600097656
2019-03-07,17.392406463623047
2019-03-08,17.621173858642578
2019-03-11,17.911338806152344
2019-03-12,17.94481658935547
2019-03-13,18.134525299072266
2019-03-14,17.743932723999023
2019-03-15,17.50400161743164
2019-03-18,17.877866744995117
2019-03-19,17.68813705444336
2019-03-20,17.43147087097168
2019-03-21,17.068771362304688
2019-03-22,16.65587043762207
2019-03-25,16.544265747070312
2019-03-26,16.50521469116211
2019-03-27,16.069984436035156
2019-03-28,16.521949768066406
2019-03-29,16.65587043762207
2019-04-01,16.552595138549805
2019-04-02,16.413028717041016
2019-04-03,16.19529914855957
2019-04-04,16.44093894958496
2019-04-05,16.66423797607422
2019-04-08,16.58050537109375
2019-04-09,16.502344131469727
2019-04-10,16.368364334106445
2019-04-11,16.156221389770508
2019-04-12,15.98873519897461
2019-04-15,16.06689453125
2019-04-16,15.955245018005371
2019-04-17,15.871491432189941
2019-04-18,16.0892276763916
2019-04-22,15.977577209472656
2019-04-23,16.273454666137695
2019-04-24,16.273454666137695
2019-04-25,16.373943328857422
2019-04-26,16.362775802612305
2019-04-29,16.385108947753906
2019-04-30,16.385108947753906
2019-05-02,16.454919815063477
2019-05-03,16.359968185424805
2019-05-06,16.019256591796875
2019-05-07,15.924302101135254
2019-05-08,16.047182083129883
2019-05-09,15.918717384338379
2019-05-10,15.751150131225586
2019-05-13,15.499807357788086
2019-05-14,15.438371658325195
2019-05-15,15.455122947692871
2019-05-16,15.326652526855469
2019-05-17,15.304305076599121
2019-05-20,15.661785125732422
2019-05-21,16.209163665771484
2019-05-22,16.292945861816406
2019-05-23,16.153303146362305
2019-05-24,16.03043556213379
2019-05-27,15.924302101135254
2019-05-28,16.343212127685547
2019-05-29,16.639238357543945
2019-05-30,16.840320587158203
2019-05-31,16.81798553466797
2019-06-03,16.899011611938477
2019-06-04,16.859888076782227
2019-06-05,16.602828979492188
2019-06-06,16.76490020751953
2019-06-07,16.871074676513672
2019-06-10,16.569303512573242
2019-06-11,16.74812126159668
2019-06-12,16.68665885925293
2019-06-13,16.474308013916016
2019-06-14,16.35694694519043
2019-06-17,16.44077491760254
2019-06-18,16.681076049804688
2019-06-19,16.938129425048828
2019-06-21,17.312551498413086
2019-06-24,17.29019546508789
2019-06-25,17.100196838378906
2019-06-26,17.435487747192383
2019-06-27,17.323726654052734
2019-06-28,17.396379470825195
2019-07-01,17.393577575683594
2019-07-02,17.22025489807129
2019-07-03,17.455074310302734
2019-07-04,17.628400802612305
2019-07-05,17.77935028076172
2019-07-08,17.81290626525879
2019-07-10,17.65076446533203
2019-07-11,17.63958168029785
2019-07-12,17.544536590576172
2019-07-15,17.360036849975586
2019-07-16,17.42153549194336
2019-07-17,17.33207130432129
2019-07-18,17.740222930908203
2019-07-19,17.393577575683594
2019-07-22,17.63958168029785
2019-07-23,17.65076446533203
2019-07-24,17.712263107299805
2019-07-25,17.186716079711914
2019-07-26,17.387983322143555
2019-07-29,17.39916229248047
2019-07-30,16.979841232299805
2019-07-31,16.717073440551758
2019-08-01,16.775808334350586
2019-08-02,16.759017944335938
2019-08-05,16.596799850463867
2019-08-06,17.117023468017578
2019-08-07,17.788284301757812
2019-08-08,17.793869018554688
2019-08-09,17.793869018554688
2019-08-12,17.15058708190918
2019-08-13,17.31280517578125
2019-08-14,17.00515365600586
2019-08-15,16.88768196105957
2019-08-16,16.954818725585938
2019-08-19,16.88590431213379
2019-08-20,16.748050689697266
2019-08-21,16.972047805786133
2019-08-22,16.73656463623047
2019-08-23,16.58724021911621
2019-08-26,16.5183162689209
2019-08-27,16.661895751953125
2019-08-28,16.79400062561035
2019-08-29,16.92611312866211
2019-08-30,17.173070907592773
2019-09-02,16.848405838012695
2019-09-03,16.601314544677734
2019-09-04,16.59556770324707
2019-09-05,17.124238967895508
2019-09-06,17.62990951538086
2019-09-09,17.9229793548584
2019-09-10,17.75058364868164
2019-09-11,17.698863983154297
2019-09-12,17.658647537231445
2019-09-13,17.813793182373047
2019-09-16,17.41729736328125
2019-09-17,17.601181030273438
2019-09-18,17.664392471313477
2019-09-19,17.124238967895508
2019-09-20,17.319597244262695
2019-09-23,17.26789093017578
2019-09-24,17.08975601196289
2019-09-25,17.175941467285156
2019-09-26,17.555208206176758
2019-09-27,17.543720245361328
2019-09-30,17.308116912841797
2019-10-01,17.035022735595703
2019-10-02,16.649822235107422
2019-10-03,16.55208969116211
2019-10-04,16.69582176208496
2019-10-07,16.25887680053711
2019-10-08,16.143892288208008
2019-10-09,16.385360717773438
2019-10-10,16.529102325439453
2019-10-11,16.816551208496094
2019-10-14,16.9775333404541
2019-10-15,17.069517135620117
2019-10-16,17.190258026123047
2019-10-17,17.109764099121094
2019-10-18,17.052268981933594
2019-10-21,17.288000106811523
2019-10-22,17.540956497192383
2019-10-23,17.799680709838867
2019-10-24,17.920412063598633
2019-10-25,17.9721622467041
2019-10-28,18.30560874938965
2019-10-29,18.0353946685791
2019-10-30,18.144622802734375
2019-10-31,17.920412063598633
2019-11-01,17.940549850463867
2019-11-04,18.021068572998047
2019-11-05,18.251144409179688
2019-11-06,18.251144409179688
2019-11-07,18.34317970275879
2019-11-08,18.038320541381836
2019-11-11,18.164880752563477
2019-11-12,17.785236358642578
2019-11-13,17.7104549407959
2019-11-14,17.767990112304688
2019-11-18,17.721969604492188
2019-11-19,17.428613662719727
2019-11-21,17.693204879760742
2019-11-22,17.67595100402832
2019-11-25,17.50914192199707
2019-11-26,17.24454116821289
2019-11-27,17.371089935302734
2019-11-28,17.175525665283203
2019-11-29,17.23303985595703
2019-12-02,17.4488582611084
2019-12-03,17.494890213012695
2019-12-04,17.98406410217285
2019-12-05,18.024337768554688
2019-12-06,17.822919845581055
2019-12-09,18.007078170776367
2019-12-10,17.8919734954834
2019-12-11,17.771127700805664
2019-12-12,17.811410903930664
2019-12-13,18.201807022094727
2019-12-16,17.88490104675293
2019-12-17,18.121152877807617
2019-12-18,18.18453025817871
2019-12-19,18.236379623413086
2019-12-20,18.08656883239746
2019-12-23,18.32280731201172
2019-12-26,18.599384307861328
2019-12-27,18.53024673461914
2019-12-30,18.45533561706543
2020-01-02,18.792566299438477
2020-01-03,18.63691520690918
2020-01-06,18.446699142456055
2020-01-07,18.089282989501953
2020-01-08,17.904813766479492
2020-01-09,17.73764419555664
2020-01-10,17.524364471435547
2020-01-13,17.772228240966797
2020-01-14,17.685762405395508
2020-01-15,17.4321231842041
2020-01-16,17.46094512939453
2020-01-17,17.73764419555664
2020-01-20,17.42635726928711
2020-01-21,17.005542755126953
2020-01-22,17.282249450683594
2020-01-23,17.651174545288086
2020-01-24,17.4321231842041
2020-01-27,17.218835830688477
2020-01-28,17.068958282470703
2020-01-29,16.919071197509766
2020-01-30,17.149656295776367
2020-01-31,16.970958709716797
2020-02-03,17.060340881347656
2020-02-04,17.175701141357422
2020-02-05,17.198768615722656
2020-02-06,17.123798370361328
2020-02-07,17.16993522644043
2020-02-10,17.331424713134766
2020-02-11,18.058128356933594
2020-02-12,18.150405883789062
2020-02-13,17.827436447143555
2020-02-14,17.596729278564453
2020-02-17,17.50444984436035
2020-02-18,17.487150192260742
2020-02-19,17.66016960144043
2020-02-20,17.642873764038086
2020-02-21,17.52162742614746
2020-02-26,16.81193733215332
2020-02-27,16.800004959106445
2020-02-28,17.06241226196289
2020-03-02,17.065399169921875
2020-03-03,16.892356872558594
2020-03-04,17.065399169921875
2020-03-05,16.778980255126953
2020-03-06,16.236003875732422
2020-03-09,15.513998031616211
2020-03-10,15.895879745483398
2020-03-11,15.096318244934082
2020-03-12,13.574745178222656
2020-03-13,15.072453498840332
2020-03-16,13.574745178222656
2020-03-17,14.195313453674316
2020-03-18,12.984025001525879
2020-03-19,13.246575355529785
2020-03-20,12.590205192565918
2020-03-23,11.754838943481445
2020-03-24,12.250090599060059
2020-03-25,12.918383598327637
2020-03-26,13.741815567016602
2020-03-27,13.228666305541992
2020-03-30,13.622478485107422
2020-03-31,13.174967765808105
2020-04-01,12.395758628845215
2020-04-02,12.503230094909668
2020-04-03,11.935985565185547
2020-04-06,12.545021057128906
2020-04-07,13.255575180053711
2020-04-08,13.709366798400879
2020-04-09,13.583975791931152
2020-04-13,13.613839149475098
2020-04-14,13.63173770904541
2020-04-15,13.291401863098145
2020-04-16,13.136157035827637
2020-04-17,13.213773727416992
2020-04-20,13.154067039489746
2020-04-22,13.010761260986328
2020-04-23,12.682358741760254
2020-04-24,12.234539031982422
2020-04-27,12.377837181091309
2020-04-28,13.422760963439941
2020-04-29,13.566069602966309
2020-04-30,13.136157035827637
2020-05-04,12.607359886169434
2020-05-05,13.025612831115723
2020-05-06,12.846359252929688
2020-05-07,12.428112030029297
2020-05-08,12.750764846801758
2020-05-11,12.971842765808105
2020-05-12,12.487859725952148
2020-05-13,12.45798397064209
2020-05-14,12.840389251708984
2020-05-15,12.338481903076172
2020-05-18,12.774659156799316
2020-05-19,12.320562362670898
2020-05-20,12.398239135742188
2020-05-21,12.852339744567871
2020-05-22,12.930018424987793
2020-05-25,13.551417350769043
2020-05-26,13.085363388061523
2020-05-27,13.587272644042969
2020-05-28,13.276572227478027
2020-05-29,13.109267234802246
2020-06-01,13.482958793640137
2020-06-02,14.194477081298828
2020-06-03,14.64889907836914
2020-06-04,15.067428588867188
2020-06-05,15.384328842163086
2020-06-08,15.731118202209473
2020-06-09,15.569685935974121
2020-06-10,15.01362419128418
2020-06-12,14.630949020385742
2020-06-15,14.230355262756348
2020-06-16,14.529312133789062
2020-06-17,14.660845756530762
2020-06-18,15.037538528442383
2020-06-19,15.778951644897461
2020-06-22,15.133201599121094
2020-06-23,15.001672744750977
2020-06-24,14.678791999816895
2020-06-25,14.762496948242188
2020-06-26,14.415700912475586
2020-06-29,14.786413192749023
2020-06-30,14.349939346313477
2020-07-01,14.544379234313965
2020-07-02,14.699939727783203
2020-07-03,14.681989669799805
2020-07-06,15.172579765319824
2020-07-07,14.813606262207031
2020-07-08,15.04694652557373
2020-07-09,15.034971237182617
2020-07-10,15.118735313415527
2020-07-13,14.945235252380371
2020-07-14,15.082843780517578
2020-07-15,15.172579765319824
2020-07-16,14.951217651367188
2020-07-17,15.01104736328125
2020-07-20,15.166594505310059
2020-07-21,15.310186386108398
2020-07-22,15.136688232421875
2020-07-23,14.879427909851074
2020-07-24,14.80762767791748
2020-07-27,15.346081733703613
2020-07-28,15.328142166137695
2020-07-29,15.609332084655762
2020-07-30,15.411895751953125
2020-07-31,14.89737319946289
2020-08-03,15.085947036743164
2020-08-04,14.421446800231934
2020-08-05,14.427421569824219
2020-08-06,14.666894912719727
2020-08-07,14.403488159179688
2020-08-10,14.565115928649902
2020-08-11,14.457361221313477
2020-08-12,14.397500991821289
2020-08-13,14.008373260498047
2020-08-14,14.008373260498047
2020-08-17,13.727017402648926
2020-08-18,13.902769088745117
2020-08-19,13.848767280578613
2020-08-20,13.81275463104248
2020-08-21,13.83675765991211
2020-08-24,14.022769927978516
2020-08-25,13.96876335144043
2020-08-26,13.662759780883789
2020-08-27,13.794756889343262
2020-08-28,13.93877124786377
2020-08-31,13.53674030303955
2020-09-01,13.90600299835205
2020-09-02,13.851970672607422
2020-09-03,14.032099723815918
2020-09-04,14.266266822814941
2020-09-08,13.954042434692383
2020-09-09,13.875981330871582
2020-09-10,13.64181900024414
2020-09-11,13.455681800842285
2020-09-14,13.635811805725098
2020-09-15,13.49170970916748
2020-09-16,13.395638465881348
2020-09-17,13.4076509475708
2020-09-18,13.215505599975586
2020-09-21,13.131448745727539
2020-09-22,13.173478126525879
2020-09-23,12.921300888061523
2020-09-24,13.10743236541748
2020-09-25,13.077409744262695
2020-09-28,13.071399688720703
2020-09-29,12.807212829589844
2020-09-30,12.837233543395996
2020-10-01,12.900333404541016
2020-10-02,12.93036937713623
2020-10-05,12.96041202545166
2020-10-06,12.918357849121094
2020-10-07,12.876299858093262
2020-10-08,13.52521800994873
2020-10-09,13.477149963378906
2020-10-13,13.435093879699707
2020-10-14,13.338948249816895
2020-10-15,13.248825073242188
2020-10-16,13.032511711120605
2020-10-19,13.128656387329102
2020-10-20,13.573281288146973
2020-10-21,13.657403945922852
2020-10-22,14.210188865661621
2020-10-23,14.065986633300781
2020-10-26,14.198179244995117
2020-10-27,13.831650733947754
2020-10-28,13.284873008728027
2020-10-29,13.52521800994873
2020-10-30,13.206762313842773
2020-11-03,13.396156311035156
2020-11-04,13.919261932373047
2020-11-05,14.225906372070312
2020-11-06,14.280024528503418
2020-11-09,15.24805736541748
2020-11-10,15.65090274810791
2020-11-11,15.596783638000488
2020-11-12,15.181912422180176
2020-11-13,15.506591796875
2020-11-16,15.933500289916992
2020-11-17,15.915458679199219
2020-11-18,15.548690795898438
2020-11-19,15.620847702026367
2020-11-23,15.662927627563477
2020-11-24,16.01165771484375
2020-11-25,15.849312782287598
2020-11-26,15.56672191619873
2020-11-27,15.705015182495117
2020-11-30,15.488557815551758
2020-12-01,16.105209350585938
2020-12-02,16.117246627807617
2020-12-03,16.123260498046875
2020-12-04,16.207489013671875
2020-12-07,16.25562286376953
2020-12-08,16.147329330444336
2020-12-09,16.315786361694336
2020-12-10,16.791051864624023
2020-12-11,16.69093894958496
2020-12-14,16.425617218017578
2020-12-15,16.540185928344727
2020-12-16,16.938161849975586
2020-12-17,16.938161849975586
2020-12-18,16.90801429748535
2020-12-21,16.528125762939453
2020-12-22,16.630632400512695
2020-12-23,16.883892059326172
2020-12-28,17.14318084716797
2020-12-29,17.076854705810547
2020-12-30,16.8416805267334
2021-01-04,16.561145782470703
2021-01-05,16.51890754699707
2021-01-06,16.892969131469727
2021-01-07,17.435949325561523
2021-01-08,17.490251541137695
2021-01-11,17.146358489990234
2021-01-12,17.212724685668945
2021-01-13,16.953289031982422
2021-01-14,17.32132911682129
2021-01-15,16.826601028442383
2021-01-18,16.772308349609375
2021-01-19,16.639572143554688
2021-01-20,16.386171340942383
2021-01-21,16.132783889770508
2021-01-22,15.74062442779541
2021-01-26,15.408258438110352
2021-01-27,15.408258438110352
2021-01-28,16.061100006103516
2021-01-29,15.607739448547363
2021-02-01,15.91922664642334
2021-02-02,15.683340072631836
2021-02-03,15.62890911102295
2021-02-04,15.562376022338867
2021-02-05,15.489802360534668
2021-02-08,15.205511093139648
2021-02-09,15.296243667602539
2021-02-10,15.199478149414062
2021-02-11,15.205511093139648
2021-02-12,15.187379837036133
2021-02-17,15.229716300964355
2021-02-18,15.217621803283691
2021-02-19,15.09665298461914
2021-02-22,14.261981010437012
2021-02-23,15.090599060058594
2021-02-24,14.800284385681152
2021-02-25,14.388995170593262
2021-02-26,14.222840309143066
2021-03-01,13.823957443237305
2021-03-02,14.323317527770996
2021-03-03,14.323317527770996
2021-03-04,14.591277122497559
2021-03-05,15.114999771118164
2021-03-08,14.591277122497559
2021-03-09,14.78615951538086
2021-03-10,14.877492904663086
2021-03-11,14.920130729675293
2021-03-12,14.859224319458008
2021-03-15,14.999303817749023
2021-03-16,14.804415702819824
2021-03-17,15.212443351745605
2021-03-18,15.267245292663574
2021-03-19,15.279430389404297
2021-03-22,15.35250473022461
2021-03-23,15.09064769744873
2021-03-24,14.920130729675293
2021-03-25,15.139366149902344
2021-03-26,15.377740859985352
2021-03-29,15.231295585632324
2021-03-30,15.51809310913086
2021-03-31,15.322815895080566
2021-04-01,14.941204071044922
2021-04-05,15.02057933807373
2021-04-06,14.855717658996582
2021-04-07,14.849609375
2021-04-08,14.703064918518066
2021-04-09,14.642012596130371
2021-04-12,14.90456771850586
2021-04-13,14.910676002502441
2021-04-14,15.063321113586426
2021-04-15,15.063321113586426
2021-04-16,15.148810386657715
2021-04-19,15.008368492126465
2021-04-20,14.916775703430176
2021-04-22,14.910676002502441
2021-04-23,15.02057933807373
2021-04-26,14.947305679321289
2021-04-27,14.776336669921875
2021-04-28,15.337244987487793
2021-04-29,14.988394737243652
2021-04-30,14.970036506652832
2021-05-03,15.18743896484375
2021-05-04,14.624035835266113
2021-05-05,15.009838104248047
2021-05-06,14.813875198364258
2021-05-07,15.009838104248047
2021-05-10,15.267037391662598
2021-05-11,15.18743896484375
2021-05-12,14.966975212097168
2021-05-13,15.420134544372559
2021-05-14,15.658976554870605
2021-05-17,15.738592147827148
2021-05-18,15.726335525512695
2021-05-19,15.87331771850586
2021-05-20,16.032548904418945
2021-05-21,16.014171600341797
2021-05-24,16.069284439086914
2021-05-25,15.982625007629395
2021-05-26,16.15441131591797
2021-05-27,16.093059539794922
2021-05-28,16.246435165405273
2021-05-31,16.30164909362793
2021-06-01,16.771282196044922
2021-06-02,17.21940803527832
2021-06-04,17.526350021362305
2021-06-07,17.894676208496094
2021-06-08,17.759628295898438
2021-06-09,18.017457962036133
2021-06-10,18.042015075683594
2021-06-11,17.821020126342773
2021-06-14,17.698244094848633
2021-06-15,17.710512161254883
2021-06-16,18.00518035888672
2021-06-17,17.839426040649414
2021-06-18,17.43427276611328
2021-06-21,17.57546615600586
2021-06-22,17.48337745666504
2021-06-23,17.33604621887207
2021-06-24,17.286943435668945
2021-06-25,16.82652473449707
2021-06-28,16.642370223999023
2021-06-29,16.52571678161621
2021-06-30,16.41522789001465
2021-07-01,16.283166885375977
2021-07-02,16.381444931030273
2021-07-05,16.24016761779785
2021-07-06,16.086605072021484
2021-07-07,16.258594512939453
2021-07-08,16.105039596557617
2021-07-12,16.350730895996094
2021-07-13,16.375301361083984
2021-07-14,16.504287719726562
2021-07-15,16.172609329223633
2021-07-16,15.9699125289917
2021-07-19,15.81635856628418
2021-07-20,16.092761993408203
2021-07-21,16.123470306396484
2021-07-22,15.963769912719727
2021-07-23,15.926916122436523
2021-07-26,16.19102668762207
2021-07-27,16.350730895996094
2021-07-28,16.903528213500977
2021-07-29,17.032520294189453
2021-07-30,16.87282371520996
2021-08-02,17.0295352935791
2021-08-03,17.1708927154541
2021-08-04,16.66693878173828
2021-08-05,16.826725006103516
2021-08-06,17.17702293395996
2021-08-09,17.29994010925293
2021-08-10,17.07256507873535
2021-08-11,17.25691795349121
2021-08-12,16.961929321289062
2021-08-13,17.158594131469727
2021-08-16,16.932723999023438
2021-08-17,16.9573974609375
2021-08-18,17.025253295898438
2021-08-19,16.852535247802734
2021-08-20,16.945064544677734
2021-08-23,17.111616134643555
2021-08-24,17.469392776489258
2021-08-25,17.6050968170166
2021-08-26,17.31517219543457
2021-08-27,17.537242889404297
2021-08-30,17.506404876708984
2021-08-31,17.660608291625977
2021-09-01,17.9722957611084
2021-09-02,17.26870346069336
2021-09-03,16.96010971069336
2021-09-06,17.336599349975586
2021-09-08,16.410831451416016
2021-09-09,16.651531219482422
2021-09-10,16.540430068969727
2021-09-13,16.75644874572754
2021-09-14,16.62067222595215
2021-09-15,16.39230728149414
2021-09-16,16.404653549194336
2021-09-17,15.960288047790527
2021-09-20,15.664039611816406
2021-09-21,15.651692390441895
2021-09-22,16.02817726135254
2021-09-23,16.571290969848633
2021-09-24,16.349117279052734
2021-09-27,16.781129837036133
2021-09-28,16.3614501953125
2021-09-29,16.61448860168457
2021-09-30,16.66387367248535
2021-10-01,17.198030471801758
2021-10-04,13.74606990814209
2021-10-05,13.83253288269043
2021-10-06,13.918977737426758
2021-10-07,13.702842712402344
2021-10-08,13.77695083618164
2021-10-11,13.505237579345703
2021-10-13,13.49288558959961
2021-10-14,13.387909889221191
2021-10-15,13.64726448059082
2021-10-18,13.807827949523926
2021-10-19,13.449661254882812
2021-10-20,13.807827949523926
2021-10-21,13.622568130493164
2021-10-22,13.116191864013672
2021-10-25,13.412613868713379
2021-10-26,13.289103507995605
2021-10-27,13.332331657409668
2021-10-28,13.245872497558594
2021-10-29,12.986519813537598
2021-11-01,13.454778671264648
2021-11-03,13.603103637695312
2021-11-04,12.929438591003418
2021-11-05,12.768749237060547
2021-11-08,12.737848281860352
2021-11-09,12.601876258850098
2021-11-10,12.917083740234375
2021-11-11,12.92326545715332
2021-11-12,12.904717445373535
2021-11-16,12.762571334838867
2021-11-17,12.744030952453613
2021-11-18,12.527717590332031
2021-11-19,12.502992630004883
2021-11-22,12.487052917480469
2021-11-23,12.593515396118164
2021-11-24,12.931680679321289
2021-11-25,13.04439926147461
2021-11-26,12.750069618225098
2021-11-29,12.699976921081543
2021-11-30,12.587252616882324
2021-12-01,12.541903495788574
2021-12-02,12.949312210083008
2021-12-03,12.974387168884277
2021-12-06,13.087203025817871
2021-12-07,12.911707878112793
2021-12-08,12.792618751525879
2021-12-09,12.504301071166992
2021-12-10,12.5105619430542
2021-12-13,12.234781265258789
2021-12-14,12.291192054748535
2021-12-15,12.259855270385742
2021-12-16,12.385210037231445
2021-12-17,12.103160858154297
2021-12-20,11.95899486541748
2021-12-21,11.915122032165527
2021-12-22,12.02794361114502
2021-12-23,12.078083992004395
2021-12-27,12.190905570983887
2021-12-28,12.147029876708984
2021-12-29,12.109427452087402
2021-12-30,11.965263366699219
2022-01-03,12.158272743225098
2022-01-04,12.428035736083984
2022-01-05,12.177095413208008
2022-01-06,12.3966703414917
2022-01-07,12.591156005859375
2022-01-10,12.660161018371582
2022-01-11,12.842098236083984
2022-01-12,12.848376274108887
2022-01-13,13.011483192443848
2022-01-14,13.0177583694458
2022-01-17,12.980120658874512
2022-01-18,13.061676025390625
2022-01-19,12.961295127868652
2022-01-20,12.848376274108887
2022-01-21,12.854644775390625
2022-01-24,12.848376274108887
2022-01-25,13.256156921386719
2022-01-26,13.381628036499023
2022-01-27,13.482010841369629
2022-01-28,13.645121574401855
2022-01-31,13.858419418334961
2022-02-01,14.013914108276367
2022-02-02,13.831830024719238
2022-02-03,13.944846153259277
2022-02-04,14.026471138000488
2022-02-07,13.957409858703613
2022-02-08,14.05158805847168
2022-02-09,13.492790222167969
2022-02-10,13.66858959197998
2022-02-11,14.3529634475708
2022-02-14,14.239943504333496
2022-02-15,14.403189659118652
2022-02-16,14.340399742126465
2022-02-17,14.082977294921875
2022-02-18,14.152042388916016
2022-02-21,13.869502067565918
2022-02-22,13.959763526916504
2022-02-23,13.796411514282227
2022-02-24,13.513702392578125
2022-02-25,13.714742660522461
2022-03-02,13.480622291564941
2022-03-03,13.480622291564941
2022-03-04,13.216543197631836
2022-03-07,12.921030044555664
2022-03-08,12.889589309692383
2022-03-09,13.449186325073242
2022-03-10,13.373738288879395
2022-03-11,13.373738288879395
2022-03-14,13.48691177368164
2022-03-15,13.556069374084473
2022-03-16,13.889314651489258
2022-03-17,14.184835433959961
2022-03-18,14.304303169250488
2022-03-21,14.57466983795166
2022-03-22,14.81359577178955
2022-03-23,14.725569725036621
2022-03-24,14.719282150268555
2022-03-25,14.731858253479004
2022-03-28,14.725569725036621
2022-03-29,15.033656120300293
2022-03-30,15.039944648742676
2022-03-31,14.838746070861816
2022-04-01,14.875020980834961
2022-04-04,14.786931991577148
2022-04-05,14.409387588500977
2022-04-06,14.359053611755371
2022-04-07,14.359053611755371
2022-04-08,14.396803855895996
2022-04-11,14.327590942382812
2022-04-12,14.08847713470459
2022-04-13,14.119945526123047
2022-04-14,14.220621109008789
2022-04-18,14.264663696289062
2022-04-19,14.082192420959473
2022-04-20,14.094776153564453
2022-04-22,13.824204444885254
2022-04-25,13.868249893188477
2022-04-26,13.446664810180664
2022-04-27,13.251604080200195
2022-04-28,13.138339042663574
2022-04-29,12.634956359863281
2022-05-02,12.784625053405762
2022-05-03,12.860200881958008
2022-05-04,12.835010528564453
2022-05-05,12.576801300048828
2022-05-06,12.721648216247559
2022-05-09,12.639779090881348
2022-05-10,12.601991653442383
2022-05-11,12.910582542419434
2022-05-12,13.168798446655273
2022-05-13,13.307354927062988
2022-05-16,13.370328903198242
2022-05-17,13.559258460998535
2022-05-18,13.39552116394043
2022-05-19,13.382922172546387
2022-05-20,13.508877754211426
2022-05-23,13.848967552185059
2022-05-24,14.081986427307129
2022-05-25,13.811175346374512
2022-05-26,13.937135696411133
2022-05-27,14.056795120239258
2022-05-30,13.981220245361328
2022-05-31,14.107175827026367
2022-06-01,13.922906875610352
2022-06-02,13.922906875610352
2022-06-03,13.847284317016602
2022-06-06,13.847284317016602
2022-06-07,13.885098457336426
2022-06-08,13.63298511505127
2022-06-09,13.355655670166016
2022-06-10,13.040518760681152
2022-06-13,12.826220512390137
2022-06-14,12.782105445861816
2022-06-15,12.750588417053223
2022-06-17,12.599321365356445
2022-06-20,13.135064125061035
2022-06-21,13.07833480834961
2022-06-22,12.933370590209961
2022-06-23,12.637134552001953
2022-06-24,12.605627059936523
2022-06-27,12.744284629821777
2022-06-28,12.662344932556152
2022-06-29,12.542596817016602
2022-06-30,12.309391975402832
2022-07-01,12.345762252807617
2022-07-04,12.270055770874023
2022-07-05,12.339449882507324
2022-07-06,12.257442474365234
2022-07-07,12.478236198425293
2022-07-08,12.503474235534668
2022-07-11,12.345762252807617
2022-07-12,12.339449882507324
2022-07-13,12.30790901184082
2022-07-14,12.131267547607422
2022-07-15,12.370994567871094
2022-07-18,12.471931457519531
2022-07-19,12.812590599060059
2022-07-20,12.598103523254395
2022-07-21,12.717963218688965
2022-07-22,12.604408264160156
2022-07-25,12.77474308013916
2022-07-26,12.711654663085938
2022-07-27,12.6990327835083
2022-07-28,12.77474308013916
2022-07-29,12.793669700622559
2022-08-01,12.72904109954834
2022-08-02,12.867945671081543
2022-08-03,12.962657928466797
2022-08-04,13.221528053283691
2022-08-05,13.442522048950195
2022-08-08,13.587740898132324
2022-08-09,13.96658706665039
2022-08-10,14.200202941894531
2022-08-11,14.269655227661133
2022-08-12,14.395942687988281
2022-08-15,14.522220611572266
2022-08-16,14.686381340026855
2022-08-17,14.730574607849121
2022-08-18,14.69901180267334
2022-08-19,14.524019241333008
2022-08-22,14.36406135559082
2022-08-23,14.36406135559082
2022-08-24,14.460034370422363
2022-08-25,14.588007926940918
2022-08-26,14.54960823059082
2022-08-29,14.479225158691406
2022-08-30,14.440841674804688
2022-08-31,14.165719032287598
2022-09-01,14.266663551330566
2022-09-02,14.47157096862793
2022-09-05,14.625249862670898
2022-09-06,14.586830139160156
2022-09-08,14.529205322265625
2022-09-09,14.618851661682129
2022-09-12,14.734110832214355
2022-09-13,14.618851661682129
2022-09-14,14.522802352905273
2022-09-15,14.535605430603027
2022-09-16,14.503594398498535
2022-09-19,14.913411140441895
2022-09-20,15.33603572845459
2022-09-21,15.271998405456543
2022-09-22,15.50891399383545
2022-09-23,15.291203498840332
2022-09-26,14.906999588012695
2022-09-27,14.868582725524902
2022-09-28,14.791736602783203
2022-09-29,15.0094575881958
2022-09-30,15.060684204101562
2022-10-03,15.860191345214844
2022-10-04,15.949912071228027
2022-10-05,15.949912071228027
2022-10-06,15.757665634155273
2022-10-07,15.706400871276855
2022-10-10,15.520561218261719
2022-10-11,15.482114791870117
2022-10-13,15.373180389404297
2022-10-14,15.385990142822266
2022-10-17,15.475711822509766
2022-10-18,15.789701461791992
2022-10-19,15.834562301635742
2022-10-20,16.09088706970215
2022-10-21,16.558683395385742
2022-10-24,16.020395278930664
2022-10-25,15.949912071228027
2022-10-26,15.661543846130371
2022-10-27,15.834562301635742
2022-10-28,15.892234802246094
2022-10-31,16.28954315185547
2022-11-01,16.20467185974121
2022-11-03,16.26238441467285
2022-11-04,16.307270050048828
2022-11-07,15.999465942382812
2022-11-08,15.980230331420898
2022-11-09,15.16583251953125
2022-11-10,14.986276626586914
2022-11-11,14.684882164001465
2022-11-14,14.684882164001465
2022-11-16,14.492501258850098
2022-11-17,14.511751174926758
2022-11-18,14.63358211517334
2022-11-21,14.556628227233887
2022-11-22,14.441203117370605
2022-11-23,14.306537628173828
2022-11-24,14.646409034729004
2022-11-25,14.338605880737305
2022-11-28,14.171874046325684
2022-11-29,14.23599624633789
2022-11-30,14.441203117370605
2022-12-01,14.433274269104004
2022-12-02,14.48462200164795
2022-12-05,14.2214937210083
2022-12-06,14.349851608276367
2022-12-07,14.369099617004395
2022-12-08,13.900609016418457
2022-12-09,13.799631118774414
2022-12-12,13.602684020996094
2022-12-13,13.189082145690918
2022-12-14,13.326950073242188
2022-12-15,13.431991577148438
2022-12-16,13.477947235107422
2022-12-19,13.688027381896973
2022-12-20,13.996580123901367
2022-12-21,14.121316909790039
2022-12-22,14.160711288452148
2022-12-23,14.351096153259277
2022-12-26,14.167269706726074
2022-12-27,14.035968780517578
2022-12-28,14.397041320800781
2022-12-29,14.370786666870117
2023-01-02,14.093286514282227
2023-01-03,13.823904991149902
2023-01-04,13.837043762207031
2023-01-05,14.244404792785645
2023-01-06,14.42837142944336
2023-01-09,14.46779727935791
2023-01-10,14.697758674621582
2023-01-11,15.065694808959961
2023-01-12,15.039407730102539
2023-01-13,14.868590354919434
2023-01-16,14.579490661621094
2023-01-17,14.875147819519043
2023-01-18,14.953999519348145
2023-01-19,14.875147819519043
2023-01-20,14.67803955078125
2023-01-23,14.336394309997559
2023-01-24,14.31010627746582
2023-01-25,14.402094841003418
2023-01-26,14.342960357666016
2023-01-27,13.981592178344727
2023-01-30,13.994732856750488
2023-01-31,14.158990859985352
2023-02-01,14.045659065246582
2023-02-02,14.078540802001953
2023-02-03,14.045659065246582
2023-02-06,14.164021492004395
2023-02-07,13.960176467895508
2023-02-08,14.874198913574219
2023-02-09,14.532258987426758
2023-02-10,14.440197944641113
2023-02-13,14.926799774169922
2023-02-14,14.749266624450684
2023-02-15,14.907075881958008
2023-02-16,15.012287139892578
2023-02-17,15.058316230773926
2023-02-22,14.742684364318848
2023-02-23,14.801867485046387
2023-02-24,14.400744438171387
2023-02-27,14.23635482788086
2023-02-28,14.282383918762207
2023-03-01,14.122886657714844
2023-03-02,13.780680656433105
2023-03-03,13.780680656433105
2023-03-06,13.885979652404785
2023-03-07,14.030756950378418
2023-03-08,14.215025901794434
2023-03-09,14.030756950378418
2023-03-10,13.708292007446289
2023-03-13,13.530604362487793
2023-03-14,13.491117477416992
2023-03-15,13.510859489440918
2023-03-16,13.54376220703125
2023-03-17,13.247620582580566
2023-03-20,13.234454154968262
2023-03-21,13.412137031555176
2023-03-22,13.372651100158691
2023-03-23,13.043606758117676
2023-03-24,13.245015144348145
2023-03-27,13.411745071411133
2023-03-28,13.505108833312988
2023-03-29,13.578473091125488
2023-03-30,13.971951484680176
2023-03-31,14.04531192779541
2023-04-03,13.623230934143066
2023-04-04,13.9169282913208
2023-04-05,13.883551597595215
2023-04-06,13.850176811218262
2023-04-10,13.963650703430176
2023-04-11,14.41753101348877
2023-04-12,14.56438159942627
2023-04-13,14.477604866027832
2023-04-14,14.684523582458496
2023-04-17,14.644479751586914
2023-04-18,14.644479751586914
2023-04-19,14.397513389587402
2023-04-20,14.424209594726562
2023-04-24,14.304070472717285
2023-04-25,14.430885314941406
2023-04-26,14.317411422729492
2023-04-27,14.571052551269531
2023-04-28,14.744603157043457
2023-05-02,14.221980094909668
2023-05-03,14.108418464660645
2023-05-04,14.161859512329102
2023-05-05,14.589388847351074
2023-05-08,14.876629829406738
2023-05-09,15.02359390258789
2023-05-10,15.277441024780273
2023-05-11,15.397685050964355
2023-05-12,15.337564468383789
2023-05-15,15.377639770507812
2023-05-16,15.29079818725586
2023-05-17,15.390999794006348
2023-05-18,15.370965003967285
2023-05-19,15.183921813964844
2023-05-22,15.02359390258789
2023-05-23,15.063676834106445
2023-05-24,14.976834297180176
2023-05-25,15.397685050964355
2023-05-26,15.324201583862305
2023-05-29,15.197277069091797
2023-05-30,15.123796463012695
2023-05-31,14.943437576293945
2023-06-01,15.102315902709961
2023-06-02,15.302873611450195
2023-06-05,15.456631660461426
2023-06-06,15.503437042236328
2023-06-07,15.510128021240234
2023-06-09,15.824339866638184
2023-06-12,15.7507963180542
2023-06-13,15.797597885131836
2023-06-14,16.09175682067871
2023-06-15,16.35248565673828
2023-06-16,16.29230499267578
2023-06-19,16.660009384155273
2023-06-20,16.610204696655273
2023-06-21,16.73859977722168
2023-06-22,16.718338012695312
2023-06-23,16.698057174682617
2023-06-26,16.650745391845703
2023-06-27,16.53586769104004
2023-06-28,16.41423225402832
2023-06-29,16.542634963989258
2023-06-30,16.569660186767578
2023-07-03,16.811519622802734
2023-07-04,16.791236877441406
2023-07-05,16.89943504333496
2023-07-06,16.892671585083008
2023-07-07,17.10907554626465
2023-07-10,16.940006256103516
2023-07-11,16.73037338256836
2023-07-12,16.61541175842285
2023-07-13,16.73713493347168
2023-07-14,16.56807518005371
2023-07-17,16.79799461364746
2023-07-18,16.703319549560547
2023-07-19,16.56807518005371
2023-07-20,16.818286895751953
2023-07-21,16.980575561523438
2023-07-24,16.845333099365234
2023-07-25,16.852092742919922
2023-07-26,16.865612030029297
2023-07-27,16.649213790893555
2023-07-28,16.73037338256836
2023-07-31,16.73713493347168
2023-08-01,16.72877311706543
2023-08-02,16.76260757446289
2023-08-03,16.613731384277344
2023-08-04,16.485149383544922
2023-08-07,16.451318740844727
2023-08-08,16.295671463012695
2023-08-09,16.153549194335938
2023-08-10,16.146791458129883
2023-08-11,16.058813095092773
2023-08-14,15.909932136535645
2023-08-15,15.882863998413086
2023-08-16,15.808420181274414
2023-08-17,15.75428295135498
2023-08-18,15.849029541015625
2023-08-21,15.652774810791016
2023-08-22,15.923466682434082
2023-08-23,16.052045822143555
2023-08-24,15.835493087768555
2023-08-25,15.693381309509277
2023-08-28,16.058813095092773
2023-08-29,16.214460372924805
2023-08-30,15.964076042175293
2023-08-31,15.774589538574219
2023-09-01,15.840713500976562
2023-09-04,15.833945274353027
2023-09-05,15.542728424072266
2023-09-06,15.441146850585938
2023-09-08,15.475005149841309
2023-09-11,15.70527458190918
2023-09-12,15.813623428344727
2023-09-13,15.949077606201172
2023-09-14,15.955848693847656
2023-09-15,15.996489524841309
2023-09-18,16.010028839111328
2023-09-19,16.05750274658203
2023-09-20,16.20136260986328
2023-09-21,15.817739486694336
2023-09-22,15.673876762390137
2023-09-25,15.7355318069458
2023-09-26,15.543716430664062
2023-09-27,15.530014038085938
2023-09-28,15.769784927368164
2023-09-29,15.797183990478516
2023-10-02,15.65160083770752
2023-10-03,15.521343231201172
2023-10-04,15.788716316223145
2023-10-05,16.021814346313477
2023-10-06,16.17949104309082
2023-10-09,16.062946319580078
2023-10-10,16.124650955200195
2023-10-11,16.254913330078125
2023-10-13,16.200061798095703
2023-10-16,16.145217895507812
2023-10-17,15.973825454711914
2023-10-18,15.761295318603516
2023-10-19,15.87784194946289
2023-10-20,15.857276916503906
2023-10-23,15.795571327209473
2023-10-24,15.768145561218262
2023-10-25,15.733871459960938
2023-10-26,16.110937118530273
2023-10-27,15.925835609436035
2023-10-30,15.822993278503418
2023-10-31,15.576197624206543
2023-11-01,15.876461029052734
2023-11-03,16.24009895324707
2023-11-06,16.4116268157959
2023-11-07,16.843870162963867
2023-11-08,16.96050453186035
2023-11-09,17.029115676879883
2023-11-10,17.173200607299805
2023-11-13,17.186920166015625
2023-11-14,17.289840698242188
2023-11-16,17.54369354248047
2023-11-17,17.639755249023438
2023-11-20,17.70150375366211
2023-11-21,17.674057006835938
2023-11-22,17.838726043701172
2023-11-23,17.975948333740234
2023-11-24,17.955368041992188
2023-11-27,17.94849967956543
2023-11-28,18.00339126586914
2023-11-29,18.17491340637207
2023-11-30,18.360164642333984
2023-12-01,18.5233211517334
2023-12-04,18.591981887817383
2023-12-05,18.729291915893555
2023-12-06,18.434072494506836
2023-12-07,18.67469024658203
2023-12-08,18.86178207397461
2023-12-11,18.771697998046875
2023-12-12,18.78556251525879
2023-12-13,19.27754020690918
2023-12-14,19.485424041748047
2023-12-15,19.381486892700195
2023-12-18,19.527006149291992
2023-12-19,19.513147354125977
2023-12-20,19.381486892700195
2023-12-21,19.464641571044922
2023-12-22,19.617082595825195
2023-12-26,19.845748901367188
2023-12-27,19.956623077392578
2023-12-28,19.984342575073242
2024-01-02,19.7539005279541
2024-01-03,19.712299346923828
2024-01-04,19.36562156677246
2024-01-05,19.7539005279541
2024-01-08,19.64989471435547
2024-01-09,19.552824020385742
2024-01-10,19.622167587280273
2024-01-11,19.59442901611328
2024-01-12,19.629098892211914
2024-01-15,19.733102798461914
2024-01-16,19.46268653869629
2024-01-17,19.39335823059082
2024-01-18,19.28241729736328
2024-01-19,19.414159774780273
2024-01-22,19.21308135986328
2024-01-23,19.27548599243164
2024-01-24,19.26854705810547
2024-01-25,19.206144332885742
2024-01-26,19.428016662597656
2024-01-29,19.379487991333008
2024-01-30,19.220008850097656
2024-01-31,19.33788299560547
2024-02-01,19.454204559326172
2024-02-02,19.39175796508789
2024-02-05,19.627649307250977
2024-02-06,20.508777618408203
2024-02-07,20.307571411132812
2024-02-08,20.11330795288086
2024-02-09,20.356138229370117
2024-02-14,20.286760330200195
2024-02-15,20.501840591430664
2024-02-16,20.626724243164062
2024-02-19,20.77935791015625
2024-02-20,21.396852493286133
2024-02-21,21.35521697998047
2024-02-22,21.358905792236328
2024-02-23,21.35170555114746
2024-02-26,21.33010482788086
2024-02-27,21.60375213623047
2024-02-28,21.711763381958008
2024-02-29,21.10686492919922
2024-03-01,21.249279022216797
2024-03-04,21.105173110961914
2024-03-05,21.076353073120117
2024-03-06,21.335750579833984
2024-03-07,21.148401260375977
2024-03-08,21.292518615722656
2024-03-11,21.249279022216797
2024-03-12,21.28531265258789
2024-03-13,21.45103645324707
2024-03-14,21.501482009887695
2024-03-15,21.35736846923828
2024-03-18,21.41500473022461
2024-03-19,21.41500473022461
2024-03-20,21.515886306762695
2024-03-21,21.378978729248047
2024-03-22,21.13329315185547
2024-03-25,21.118755340576172
2024-03-26,21.51105499267578
2024-03-27,21.670881271362305
2024-03-28,21.75078773498535
2024-04-01,21.065793991088867
2024-04-02,21.02944564819336
2024-04-03,20.934951782226562
2024-04-04,20.709613800048828
2024-04-05,20.731416702270508
2024-04-08,20.934951782226562
2024-04-09,21.109407424926758
2024-04-10,20.6805419921875
2024-04-11,20.60784339904785
2024-04-12,20.49880599975586
2024-04-15,20.186237335205078
2024-04-16,19.97543716430664
2024-04-17,19.989967346191406
2024-04-18,20.019044876098633
2024-04-19,19.939085006713867
2024-04-22,19.931819915771484
2024-04-23,20.20077133178711
2024-04-24,20.1644287109375
2024-04-25,20.055387496948242
2024-04-26,20.39704132080078
2024-04-29,20.208045959472656
2024-04-30,19.8591251373291
2024-05-02,20.162912368774414
2024-05-03,20.359312057495117
2024-05-06,20.410226821899414
2024-05-07,20.81756019592285
2024-05-08,20.948486328125
2024-05-09,20.286571502685547
2024-05-10,20.519332885742188
2024-05-13,20.672086715698242
2024-05-14,20.99212646484375
2024-05-15,20.883024215698242
2024-05-16,20.8248291015625
2024-05-17,20.868471145629883
2024-05-20,20.759366989135742
2024-05-21,20.642986297607422
2024-05-22,20.330215454101562
2024-05-23,20.133817672729492
2024-05-24,19.95924949645996
2024-05-27,19.944704055786133
2024-05-28,19.893787384033203
2024-05-29,19.791948318481445
2024-05-31,19.602834701538086
2024-06-03,19.790369033813477
2024-06-04,19.928665161132812
2024-06-05,19.826763153076172
2024-06-06,20.147018432617188
2024-06-07,19.877714157104492
2024-06-10,19.753971099853516
2024-06-11,19.95777130126953
2024-06-12,19.899547576904297
2024-06-13,19.76125144958496
2024-06-14,19.753971099853516
2024-06-17,20.190685272216797
2024-06-18,20.154296875
2024-06-19,20.24163818359375
2024-06-20,20.22707748413086
2024-06-21,20.639131546020508
2024-06-24,20.749298095703125
2024-06-25,20.69788932800293
2024-06-26,20.536300659179688
2024-06-27,20.63178253173828
2024-06-28,20.63178253173828
2024-07-01,20.48306655883789
2024-07-02,20.600656509399414
2024-07-03,20.813793182373047
2024-07-04,20.946086883544922
2024-07-05,20.78439712524414
2024-07-08,20.843196868896484
2024-07-09,20.982833862304688
2024-07-10,21.012224197387695
2024-07-11,21.1812686920166
2024-07-12,21.078372955322266
2024-07-15,21.11512565612793
2024-07-16,21.232715606689453
2024-07-17,21.534042358398438
2024-07-18,21.387056350708008
2024-07-19,21.57814598083496
2024-07-22,21.563440322875977
2024-07-23,21.489948272705078
2024-07-24,21.534042358398438
2024-07-25,21.409099578857422
2024-07-26,21.55609703063965
2024-07-29,21.710432052612305
2024-07-30,21.651636123657227
2024-07-31,21.40176010131836
2024-08-01,21.03968620300293
2024-08-02,20.877893447875977
2024-08-05,20.77493667602539
2024-08-06,21.25295066833496
2024-08-07,21.363258361816406
2024-08-08,21.392675399780273
2024-08-09,21.797138214111328
2024-08-12,21.929515838623047
2024-08-13,22.48841094970703
2024-08-14,23.025251388549805
2024-08-15,23.392948150634766
2024-08-16,23.275283813476562
2024-08-19,23.510610580444336
2024-08-20,23.745935440063477
2024-08-21,23.62827491760254
2024-08-22,23.37088394165039
2024-08-23,23.245868682861328
2024-08-26,23.23116683959961
2024-08-27,23.1796817779541
2024-08-28,23.723873138427734
2024-08-29,23.66504669189453
2024-08-30,23.392948150634766
2024-09-02,23.302919387817383
2024-09-03,23.68553924560547
2024-09-04,23.869491577148438
2024-09-05,24.024009704589844
2024-09-06,23.81798553466797
2024-09-09,23.869491577148438
2024-09-10,23.91364288330078
2024-09-11,23.862133026123047
2024-09-12,23.788557052612305
2024-09-13,23.795909881591797
2024-09-16,23.8474178314209
2024-09-17,23.61931800842285
2024-09-18,23.53838348388672
2024-09-19,23.36914825439453
2024-09-20,23.200654983520508
2024-09-23,23.163545608520508
2024-09-24,23.096755981445312
2024-09-25,23.326828002929688
2024-09-26,23.65338706970215
2024-09-27,23.683074951171875
2024-09-30,23.326828002929688
2024-10-01,22.938926696777344
2024-10-02,23.087448120117188
2024-10-03,22.575056076049805
2024-10-04,22.619609832763672
2024-10-07,22.664169311523438
2024-10-08,22.82754135131836
2024-10-09,22.456239700317383
2024-10-10,22.478517532348633
2024-10-11,22.40425682067871
2024-10-14,22.51564598083496
2024-10-15,22.649314880371094
2024-10-16,22.545351028442383
2024-10-17,22.582477569580078
2024-10-18,22.641887664794922
2024-10-21,22.500795364379883
2024-10-22,22.582477569580078
2024-10-23,22.738426208496094
2024-10-24,22.872093200683594
2024-10-25,22.656740188598633
2024-10-28,22.872093200683594
2024-10-29,22.656740188598633
2024-10-30,22.560203552246094
2024-10-31,22.419111251831055
2024-11-01,22.313337326049805
2024-11-04,22.595685958862305
2024-11-05,23.33872413635254
2024-11-06,23.398164749145508
2024-11-07,22.915193557739258
2024-11-08,22.61054801940918
2024-11-11,22.647703170776367
2024-11-12,22.53624153137207
2024-11-13,22.35791778564453
2024-11-14,22.201879501342773
2024-11-18,21.949251174926758
2024-11-19,22.187021255493164
2024-11-21,21.845232009887695
2024-11-22,21.919527053833008
2024-11-25,21.971540451049805
2024-11-26,22.283613204956055
2024-11-27,21.71890640258789
2024-11-28,21.14677619934082
2024-11-29,21.19135284423828
2024-12-02,20.929384231567383
2024-12-03,21.04834747314453
2024-12-04,21.26395606994629
2024-12-05,21.665447235107422
2024-12-06,21.494443893432617
2024-12-09,21.360614776611328
2024-12-10,21.624095916748047
2024-12-11,21.98487663269043
2024-12-12,21.466259002685547
2024-12-13,21.20319175720215
2024-12-16,20.67705726623535
2024-12-17,20.940128326416016
2024-12-18,20.38392448425293
2024-12-19,20.57183074951172
2024-12-20,20.699607849121094
2024-12-23,20.33882713317871
2024-12-26,20.44405746459961
2024-12-27,20.25615119934082
2024-12-30,20.218576431274414
2025-01-02,20.201759338378906
2025-01-03,19.848268508911133
2025-01-06,20.803451538085938
2025-01-07,20.871139526367188
2025-01-08,20.622943878173828
2025-01-09,20.585336685180664
2025-01-10,20.397306442260742
2025-01-13,20.525171279907227
2025-01-14,20.577816009521484
2025-01-15,21.352489471435547
2025-01-16,21.187030792236328
2025-01-17,21.299846649169922
2025-01-20,21.495393753051758
2025-01-21,21.50291633605957
2025-01-22,21.390098571777344
2025-01-23,21.360015869140625
2025-01-24,21.420181274414062
2025-01-27,21.961706161499023
2025-01-28,21.961706161499023
2025-01-29,21.999311447143555
2025-01-30,22.40545082092285
2025-01-31,22.420495986938477
2025-02-03,22.290788650512695
2025-02-04,22.350996017456055
2025-02-05,22.60686492919922
2025-02-06,22.69717025756836
2025-02-07,22.57676124572754
2025-02-10,22.87026023864746
2025-02-11,23.178808212280273
2025-02-12,22.659542083740234
2025-02-13,22.810056686401367
2025-02-14,23.34436798095703
2025-02-17,23.50993537902832
2025-02-18,23.386560440063477
2025-02-19,23.172510147094727
2025-02-20,23.045669555664062
2025-02-21,23.06945037841797
2025-02-24,22.7919864654541
2025-02-25,22.966394424438477
2025-02-26,22.807842254638672
2025-02-27,23.053586959838867
2025-02-28,22.641359329223633
2025-03-05,23.004392623901367
2025-03-06,22.948867797851562
2025-03-07,23.163042068481445
2025-03-10,23.178909301757812
2025-03-11,23.028182983398438
2025-03-12,23.107513427734375
2025-03-13,23.32962417602539
2025-03-14,24.162546157836914
2025-03-17,24.678163528442383
2025-03-18,24.82491111755371
2025-03-19,24.99942398071289
2025-03-20,24.842363357543945
2025-03-21,24.807458877563477
2025-03-24,24.83363914489746
2025-03-25,24.9208927154541
2025-03-26,24.70274543762207
2025-03-27,24.71147346496582
2025-03-28,24.510787963867188
2025-03-31,24.20537567138672
2025-04-01,24.194597244262695
2025-04-02,24.360492706298828
2025-04-03,24.65735626220703
2025-04-04,24.107282638549805
2025-04-07,24.01996421813965
2025-04-08,24.037431716918945
2025-04-09,24.45653533935547
2025-04-10,24.28191375732422
2025-04-11,24.57877540588379
2025-04-14,24.910566329956055
2025-04-15,25.10265350341797
2025-04-16,25.024076461791992
2025-04-17,25.032808303833008
2025-04-22,25.460641860961914
2025-04-23,25.949600219726562
2025-04-24,26.525867462158203
2025-04-25,26.42108726501465
2025-04-28,26.7092342376709
2025-04-29,26.892580032348633
2025-04-30,27.137065887451172
2025-05-02,27.432048797607422
2025-05-05,26.916608810424805
2025-05-06,26.864185333251953
2025-05-07,27.07386016845703
2025-05-08,27.34468650817871
2025-05-09,28.64639663696289
2025-05-12,28.26199722290039
2025-05-13,28.593976974487305
2025-05-14,28.77743911743164
2025-05-15,29.170578002929688
2025-05-16,29.37150764465332
2025-05-19,29.67728042602539
2025-05-20,29.659814834594727
2025-05-21,29.161836624145508
2025-05-22,29.00458335876465
2025-05-23,29.09194564819336
2025-05-26,29.29288101196289
2025-05-27,29.48508644104004
2025-05-28,29.170578002929688
2025-05-29,29.100685119628906
2025-05-30,29.153108596801758
2025-06-02,28.984970092773438
2025-06-03,28.74896240234375
2025-06-04,28.670297622680664
2025-06-05,28.259471893310547
2025-06-06,28.41680908203125
2025-06-09,28.11961555480957
2025-06-10,28.167404174804688
2025-06-11,28.4058780670166
2025-06-12,28.538375854492188
2025-06-13,28.467716217041016
2025-06-16,28.829853057861328
2025-06-17,28.980009078979492
2025-06-18,28.697364807128906
2025-06-20,28.697364807128906
2025-06-23,28.5030460357666
2025-06-24,29.015338897705078
2025-06-25,28.670866012573242
2025-06-26,28.56487274169922
2025-06-27,28.494211196899414
2025-06-30,29.138994216918945
2025-07-01,29.17226791381836
2025-07-02,28.995521545410156
2025-07-03,29.702512741088867
2025-07-04,29.764373779296875
2025-07-07,29.428552627563477
2025-07-08,29.340181350708008
2025-07-09,28.695049285888672
2025-07-10,28.01456642150879
2025-07-11,27.92619514465332
2025-07-14,27.687585830688477
2025-07-15,27.75828742980957
2025-07-16,27.855493545532227
2025-07-17,28.21782875061035
2025-07-18,27.714096069335938
2025-07-21,28.01456642150879
2025-07-22,27.625722885131836
2025-07-23,28.076431274414062
2025-07-24,27.634563446044922
2025-07-25,27.802473068237305
2025-07-28,27.219200134277344
2025-07-29,27.378276824951172
2025-07-30,27.61688804626465
2025-07-31,27.687585830688477
2025-08-01,27.57940101623535
2025-08-04,27.897727966308594
2025-08-05,28.056886672973633
2025-08-06,28.560903549194336
2025-08-07,28.932287216186523
2025-08-08,29.224077224731445
2025-08-11,29.392086029052734
2025-08-12,29.975683212280273
2025-08-13,29.83420753479004
2025-08-14,29.940311431884766
2025-08-15,29.621990203857422
2025-08-18,29.83420753479004
2025-08-19,29.014892578125
2025-08-20,29.131092071533203
2025-08-21,29.17578125
2025-08-22,29.8104305267334
2025-08-25,29.604839324951172
2025-08-26,29.417133331298828
2025-08-27,29.837249755859375
2025-08-28,30.40038299560547
2025-08-29,30.757930755615234
2025-09-01,30.9346923828125
2025-09-02,30.487533569335938
2025-09-03,30.156635284423828
2025-09-04,30.407045364379883
2025-09-05,30.809492111206055
2025-09-08,30.585905075073242
2025-09-09,30.246063232421875
2025-09-10,30.237117767333984
2025-09-11,30.27289581298828
2025-09-12,30.013538360595703
2025-09-15,30.210294723510742
2025-09-16,30.067197799682617
2025-09-17,30.720054626464844
2025-09-18,30.576967239379883
2025-09-19,30.898921966552734
2025-09-22,30.523300170898438
2025-09-23,30.889978408813477
2025-09-24,30.809492111206055
2025-09-25,30.532249450683594
2025-09-26,30.64850616455078
2025-09-29,30.81843376159668
2025-09-30,30.98835563659668
2025-10-01,30.39569664001465
2025-10-02,30.100419998168945
2025-10-03,30.315168380737305
2025-10-06,29.975141525268555
2025-10-07,29.411434173583984
2025-10-08,29.563547134399414
2025-10-09,29.60828971862793
2025-10-10,29.59039306640625
2025-10-13,29.805139541625977
2025-10-14,29.751455307006836
2025-10-15,29.661977767944336
2025-10-16,29.69776725769043
2025-10-17,29.805139541625977
2025-10-20,30.216739654541016
2025-10-21,30.091472625732422
2025-10-22,30.3509578704834
2025-10-23,30.449382781982422
2025-10-24,30.39569664001465
2025-10-27,30.66413116455078
2025-10-28,30.771503448486328
2025-10-29,31.478384017944336
2025-10-30,31.37995719909668
2025-10-31,31.442590713500977
2025-11-03,31.923913955688477
2025-11-04,31.789623260498047
2025-11-05,32.00448226928711
2025-11-06,32.04924774169922
2025-11-07,32.00448226928711
2025-11-10,32.25514602661133
2025-11-11,32.756473541259766
2025-11-12,31.9597225189209
2025-11-13,32.04029083251953
2025-11-14,32.15666961669922
2025-11-17,31.906005859375
2025-11-18,31.68219757080078
2025-11-19,31.503150939941406
2025-11-21,31.56581687927246
2025-11-24,31.726953506469727
2025-11-25,31.950769424438477
2025-11-26,32.89971160888672
2025-11-27,32.881805419921875
2025-11-28,34.179893493652344
2025-12-01,34.00761795043945
2025-12-02,34.64352035522461
2025-12-03,34.75099563598633
2025-12-04,35.46751022338867
2025-12-05,34.05239486694336
2025-12-08,34.204654693603516
2025-12-09,33.86431121826172
2025-12-10,34.071815490722656
2025-12-11,34.33837127685547
2025-12-12,34.59541320800781
2025-12-15,35.18564987182617
2025-12-16,34.081336975097656
2025-12-17,33.85286331176758
2025-12-18,34.005184173583984
2025-12-19,34.804847717285156
2025-12-22,34.68109130859375
2025-12-23,35.080936431884766
2025-12-26,35.34891128540039
2025-12-29,35.29989242553711
2025-12-30,35.64308547973633
2026-01-02,35.62167739868164
2026-01-05,36.22011184692383
2026-01-06,36.7204475402832
2026-01-07,36.00429153442383
2026-01-08,36.41632843017578
2026-01-09,36.34765625
2026-01-12,36.16124725341797
2026-01-13,35.62167739868164
2026-01-14,35.935611724853516
2026-01-15,36.33784103393555
2026-01-16,36.24955368041992
2026-01-19,36.09258270263672
2026-01-20,36.05333709716797
2026-01-21,37.70149230957031
2026-01-22,39.29077911376953
2026-01-23,39.957889556884766
2026-01-26,40.418983459472656
2026-01-27,41.60603713989258
2026-01-28,42.22410583496094
2026-01-29,42.16523742675781
2026-01-30,41.14494705200195
2026-02-02,41.93815612792969
2026-02-03,42.08537673950195
2026-02-04,40.799652099609375
2026-02-05,41.72222900390625
2026-02-06,42.6349983215332
2026-02-09,43.92072296142578
2026-02-10,44.05812454223633
2026-02-11,44.88256072998047
2026-02-12,44.08757400512695
2026-02-13,43.5183219909668
2026-02-18,44.06794357299805
2026-02-19,44.499786376953125
2026-02-20,45.206443786621094
2026-02-23,43.380916595458984
2026-02-24,44.0777587890625
2026-02-25,43.557579040527344
2026-02-26,43.71461868286133
2026-02-27,42.772403717041016
2026-03-02,42.31895446777344
2026-03-03,41.121063232421875
2026-03-04,41.57272720336914
2026-03-05,40.26683044433594
2026-03-06,40.07046127319336
2026-03-09,40.31592559814453
2026-03-10,40.924686431884766
2026-03-11,41.1505241394043
2026-03-12,40.581031799316406
2026-03-13,40.286468505859375
2026-03-16,40.885414123535156
2026-03-17,40.84613800048828
2026-03-18,40.39447784423828
2026-03-19,40.72831726074219
2026-03-20,40.093475341796875
2026-03-23,41.3708381652832
2026-03-24,40.9648551940918
2026-03-25,41.57878494262695
2026-03-26,40.350929260253906
2026-03-27,40.311317443847656
2026-03-30,40.82622528076172
2026-03-31,42.400657653808594
2026-04-01,42.795108795166016
2026-04-02,42.25026321411133
2026-04-06,42.517730712890625
2026-04-07,42.85454177856445
2026-04-08,44.3305778503418
2026-04-09,45.420265197753906
2026-04-10,45.49951934814453
2026-04-13,45.46980285644531
2026-04-14,45.9453010559082
2026-04-15,46.311832427978516
2026-04-16,46.420799255371094
2026-04-17,46.39108657836914
2026-04-20,45.89577102661133
2026-04-22,44.54851531982422
2026-04-23,43.45882797241211
2026-04-24,43.90460968017578
2026-04-27,43.37957763671875
2026-04-28,43.46873474121094
2026-04-29,42.289886474609375
2026-04-30,43.141822814941406
2026-05-04,42.020145416259766
2026-05-05,41.871490478515625
2026-05-06,41.5444450378418
2026-05-07,40.41465759277344
2026-05-08,41.01919174194336
2026-05-11,40.09752655029297
2026-05-12,39.79030227661133
2026-05-13,39.61191940307617
2026-05-14,40.444393157958984
2026-05-15,39.899314880371094
2026-05-18,39.73084259033203
2026-05-19,39.04702377319336
2026-05-20,40.10743713378906
2026-05-21,40.36510467529297
2026-05-22,39.899314880371094
2026-05-25,40.53358459472656
2026-05-26,40.39483642578125
2026-05-27,40.434478759765625
2026-05-28,39.91913604736328
2026-05-29,39.70111083984375
2026-06-01,39.719139099121094
2026-06-02,39.79845428466797
2026-06-03,39.56050109863281
2026-06-05,40.1157341003418
2026-06-08,39.83811569213867
2026-06-09,40.91884231567383
2026-06-10,41.602970123291016
2026-06-11,42.20777893066406
2026-06-12,41.523651123046875
2026-06-15,41.29560852050781
2026-06-16,41.5831413269043
2026-06-17,42.62420654296875
2026-06-18,42.168121337890625
2026-06-19,41.93000030517578
2026-06-22,42.95000076293945
